Date,Use,Room
2014-09-07 09:00, 0, A会議室
2014-09-07 09:05, 0, A会議室
2014-09-07 09:10, 0, A会議室
2014-09-07 09:15, 0, A会議室
2014-09-07 09:20, 1, A会議室
2014-09-07 09:25, 1, A会議室
2014-09-07 09:30, 1, A会議室
2014-09-07 09:35, 1, A会議室
2014-09-07 09:40, 0, A会議室
2014-09-07 09:45, 0, A会議室
2014-09-07 09:50, 0, A会議室
2014-09-07 09:55, 0, A会議室
2014-09-07 10:00, 0, A会議室
2014-09-07 10:05, 0, A会議室
2014-09-07 10:10, 0, A会議室
2014-09-07 10:15, 0, A会議室
2014-09-07 10:20, 0, A会議室
2014-09-07 10:25, 0, A会議室
2014-09-07 10:30, 0, A会議室
2014-09-07 10:35, 0, A会議室
2014-09-07 10:40, 1, A会議室
2014-09-07 10:45, 0, A会議室
2014-09-07 10:50, 0, A会議室
2014-09-07 10:55, 0, A会議室
2014-09-07 11:00, 0, A会議室
2014-09-07 11:05, 0, A会議室
2014-09-07 11:10, 0, A会議室
2014-09-07 11:15, 1, A会議室
2014-09-07 11:20, 1, A会議室
2014-09-07 11:25, 1, A会議室
2014-09-07 11:30, 1, A会議室
2014-09-07 11:35, 1, A会議室
2014-09-07 11:40, 1, A会議室
2014-09-07 11:45, 1, A会議室
2014-09-07 11:50, 1, A会議室
2014-09-07 11:55, 1, A会議室
2014-09-07 12:00, 1, A会議室
2014-09-07 12:05, 1, A会議室
2014-09-07 12:10, 1, A会議室
2014-09-07 12:15, 1, A会議室
2014-09-07 12:20, 1, A会議室
2014-09-07 12:25, 1, A会議室
2014-09-07 12:30, 1, A会議室
2014-09-07 12:35, 1, A会議室
2014-09-07 12:40, 1, A会議室
2014-09-07 12:45, 0, A会議室
2014-09-07 12:50, 0, A会議室
2014-09-07 12:55, 0, A会議室
2014-09-07 13:00, 0, A会議室
2014-09-07 13:05, 0, A会議室
2014-09-07 13:10, 0, A会議室
2014-09-07 13:15, 0, A会議室
2014-09-07 13:20, 1, A会議室
2014-09-07 13:25, 1, A会議室
2014-09-07 13:30, 1, A会議室
2014-09-07 13:35, 1, A会議室
2014-09-07 13:40, 0, A会議室
2014-09-07 13:45, 0, A会議室
2014-09-07 13:50, 0, A会議室
2014-09-07 13:55, 0, A会議室
2014-09-07 14:00, 0, A会議室
2014-09-07 14:05, 1, A会議室
2014-09-07 14:10, 1, A会議室
2014-09-07 14:15, 1, A会議室
2014-09-07 14:20, 0, A会議室
2014-09-07 14:25, 0, A会議室
2014-09-07 14:30, 0, A会議室
2014-09-07 14:35, 0, A会議室
2014-09-07 14:40, 0, A会議室
2014-09-07 14:45, 0, A会議室
2014-09-07 14:50, 1, A会議室
2014-09-07 14:55, 1, A会議室
2014-09-07 15:00, 1, A会議室
2014-09-07 15:05, 0, A会議室
2014-09-07 15:10, 0, A会議室
2014-09-07 15:15, 0, A会議室
2014-09-07 15:20, 0, A会議室
2014-09-07 15:25, 0, A会議室
2014-09-07 15:30, 0, A会議室
2014-09-07 15:35, 0, A会議室
2014-09-07 15:40, 1, A会議室
2014-09-07 15:45, 1, A会議室
2014-09-07 15:50, 1, A会議室
2014-09-07 15:55, 1, A会議室
2014-09-07 16:00, 1, A会議室
2014-09-07 16:05, 1, A会議室
2014-09-07 16:10, 1, A会議室
2014-09-07 16:15, 0, A会議室
2014-09-07 16:20, 0, A会議室
2014-09-07 16:25, 0, A会議室
2014-09-07 16:30, 0, A会議室
2014-09-07 16:35, 0, A会議室
2014-09-07 16:40, 1, A会議室
2014-09-07 16:45, 0, A会議室
2014-09-07 16:50, 0, A会議室
2014-09-07 16:55, 0, A会議室
2014-09-07 17:00, 1, A会議室
2014-09-07 17:05, 0, A会議室
2014-09-07 17:10, 1, A会議室
2014-09-07 17:15, 0, A会議室
2014-09-07 17:20, 0, A会議室
2014-09-07 17:25, 0, A会議室
2014-09-07 17:30, 0, A会議室
2014-09-07 17:35, 0, A会議室
2014-09-07 17:40, 1, A会議室
2014-09-07 17:45, 0, A会議室
2014-09-07 17:50, 1, A会議室
2014-09-07 17:55, 1, A会議室
2014-09-07 18:00, 0, A会議室
2014-09-07 18:05, 0, A会議室
2014-09-07 18:10, 0, A会議室
2014-09-07 18:15, 0, A会議室
2014-09-07 18:20, 0, A会議室
2014-09-07 18:25, 0, A会議室
2014-09-07 18:30, 0, A会議室
2014-09-07 18:35, 0, A会議室
2014-09-07 18:40, 1, A会議室
2014-09-07 18:45, 0, A会議室
2014-09-07 18:50, 0, A会議室
2014-09-07 18:55, 1, A会議室
2014-09-07 19:00, 1, A会議室
2014-09-07 19:05, 0, A会議室
2014-09-07 19:10, 0, A会議室
2014-09-07 19:15, 0, A会議室
2014-09-07 19:20, 0, A会議室
2014-09-07 19:25, 0, A会議室
2014-09-07 19:30, 0, A会議室
2014-09-07 19:35, 0, A会議室
2014-09-07 19:40, 0, A会議室
2014-09-07 19:45, 0, A会議室
2014-09-07 19:50, 0, A会議室
2014-09-07 19:55, 0, A会議室
2014-09-07 20:00, 0, A会議室
2014-09-07 20:05, 0, A会議室
2014-09-07 20:10, 0, A会議室
2014-09-07 20:15, 0, A会議室
2014-09-07 20:20, 0, A会議室
2014-09-07 20:25, 0, A会議室
2014-09-07 20:30, 0, A会議室
2014-09-07 20:35, 1, A会議室
2014-09-07 20:40, 0, A会議室
2014-09-07 20:45, 1, A会議室
2014-09-07 20:50, 0, A会議室
2014-09-07 20:55, 0, A会議室
2014-09-07 21:00, 0, A会議室
2014-09-07 21:05, 0, A会議室
2014-09-07 21:10, 0, A会議室
2014-09-07 21:15, 0, A会議室
2014-09-07 21:20, 0, A会議室
2014-09-07 21:25, 0, A会議室
2014-09-07 21:30, 1, A会議室
2014-09-07 21:35, 1, A会議室
2014-09-07 21:40, 0, A会議室
2014-09-07 21:45, 0, A会議室
2014-09-07 21:50, 0, A会議室
2014-09-07 21:55, 1, A会議室
2014-09-07 22:00, 0, A会議室
2014-09-07 22:05, 1, A会議室
2014-09-07 22:10, 0, A会議室
2014-09-07 22:15, 0, A会議室
2014-09-07 22:20, 0, A会議室
2014-09-07 22:25, 0, A会議室
2014-09-07 22:30, 0, A会議室
2014-09-07 22:35, 0, A会議室
2014-09-07 22:40, 1, A会議室
2014-09-07 22:45, 0, A会議室
2014-09-07 22:50, 0, A会議室
2014-09-07 22:55, 0, A会議室